Name,User ID,Login,First Name,Last Name,Email
CE Name,NOT FOUND,,,,
Chan Monica,3223,monica_chan@ntu.edu.sg,Monica Chan (TTSH),.,monica_chan@ntu.edu.sg
Chuah Khoon Leong,5805,lkcmed.khoon_leong_c@ntu.edu.sg,Dr Chuah Khoon Leong,.,lkcmed.khoon_leong_c@ntu.edu.sg
Wong Chin Fong,3289,lkcmed.chin_fong_w@ntu.edu.sg,Wong Chin Fong (TTSH),.,lkcmed.chin_fong_w@ntu.edu.sg
Chong Chin Ted,4042,chin_ted_chong@ntu.edu.sg,Chong Chin Ted (TTSH),.,chin_ted_chong@ntu.edu.sg
Cuttilan Ravi Amran,6589,lkcmed.ravi.cuttilan@ntu.edu.sg,Cuttilan Ravi Amran,。,lkcmed.ravi.cuttilan@ntu.edu.sg
